<b:beans xmlns="http://www.springframework.org/schema/security"
		 xmlns:b="http://www.springframework.org/schema/beans"
		 xmlns:xsi="http://www.w3.org/2001/XMLSchema-instance"
		 xsi:schemaLocation="http://www.springframework.org/schema/beans http://www.springframework.org/schema/beans/spring-beans.xsd
						http://www.springframework.org/schema/security http://www.springframework.org/schema/security/spring-security.xsd">

	<http auto-config="true" use-expressions="false">
		
		<intercept-url pattern="/admin/**" access="ROLE_ADMIN"/>
		<logout logout-success-url="/" />
		<form-login
		    login-page="/login"
		    default-target-url="/"
		    authentication-success-handler-ref="customLoginHandler"
			authentication-failure-url="/login?error"
			username-parameter="username"
			password-parameter="password" />
		<csrf/>
	</http>
	<b:bean class="org.springframework.security.web.access.expression.DefaultWebSecurityExpressionHandler"/>
	<b:bean id="customLoginHandler" class="com.sunflare.handler.customLoginHandler"/>
<authentication-manager>
  <authentication-provider>
  	<jdbc-user-service data-source-ref="dataSource"
  	users-by-username-query="select USERNAME, PASSWORD, 'true' as enabled from USERCREDENTIAL where USERNAME =?"
  	authorities-by-username-query="select USERNAME, ROLE from USERCREDENTIAL where USERNAME =?"
  	/>
  </authentication-provider>
</authentication-manager>

</b:beans>